,Players,Values,links
0,Neymar,£199.80m,https://www.transfermarkt.com/neymar/profil/spieler/68290
1,Ousmane Dembélé,£124.20m,https://www.transfermarkt.com/ousmane-dembele/profil/spieler/288230
2,Kylian Mbappé,£121.50m,https://www.transfermarkt.com/kylian-mbappe/profil/spieler/342229
3,João Félix,£113.40m,https://www.transfermarkt.com/joao-felix/profil/spieler/462250
4,Antoine Griezmann,£108.00m,https://www.transfermarkt.com/antoine-griezmann/profil/spieler/125781
5,Cristiano Ronaldo,£105.30m,https://www.transfermarkt.com/cristiano-ronaldo/profil/spieler/8198
6,Eden Hazard,£103.50m,https://www.transfermarkt.com/eden-hazard/profil/spieler/50202
7,Gareth Bale,£90.90m,https://www.transfermarkt.com/gareth-bale/profil/spieler/39381
8,Cristiano Ronaldo,£84.60m,https://www.transfermarkt.com/cristiano-ronaldo/profil/spieler/8198
9,Gonzalo Higuaín,£81.00m,https://www.transfermarkt.com/gonzalo-higuain/profil/spieler/39153
10,Neymar,£79.38m,https://www.transfermarkt.com/neymar/profil/spieler/68290
11,Romelu Lukaku,£76.23m,https://www.transfermarkt.com/romelu-lukaku/profil/spieler/96341
12,Luis Suárez,£73.55m,https://www.transfermarkt.com/luis-suarez/profil/spieler/44352
13,Nicolas Pépé,£72.00m,https://www.transfermarkt.com/nicolas-pepe/profil/spieler/343052
14,Ángel Di María,£67.50m,https://www.transfermarkt.com/angel-di-maria/profil/spieler/45320
15,Romelu Lukaku,£66.60m,https://www.transfermarkt.com/romelu-lukaku/profil/spieler/96341
16,Thomas Lemar,£63.00m,https://www.transfermarkt.com/thomas-lemar/profil/spieler/205562
17,Zlatan Ibrahimovic,£62.55m,https://www.transfermarkt.com/zlatan-ibrahimovic/profil/spieler/3455
18,Riyad Mahrez,£61.02m,https://www.transfermarkt.com/riyad-mahrez/profil/spieler/171424
19,Diego Costa,£59.40m,https://www.transfermarkt.com/diego-costa/profil/spieler/44779
20,Álvaro Morata,£59.40m,https://www.transfermarkt.com/alvaro-morata/profil/spieler/128223
21,Edinson Cavani,£58.05m,https://www.transfermarkt.com/edinson-cavani/profil/spieler/48280
22,Christian Pulisic,£57.60m,https://www.transfermarkt.com/christian-pulisic/profil/spieler/315779
23,Pierre-Emerick Aubameyang,£57.38m,https://www.transfermarkt.com/pierre-emerick-aubameyang/profil/spieler/58864
24,Raheem Sterling,£57.33m,https://www.transfermarkt.com/raheem-sterling/profil/spieler/134425
25,Ángel Di María,£56.70m,https://www.transfermarkt.com/angel-di-maria/profil/spieler/45320
26,Luka Jovic,£54.00m,https://www.transfermarkt.com/luka-jovic/profil/spieler/257462
27,Anthony Martial,£54.00m,https://www.transfermarkt.com/anthony-martial/profil/spieler/182877
28,Luís Figo,£54.00m,https://www.transfermarkt.com/luis-figo/profil/spieler/3446
29,Fernando Torres,£52.65m,https://www.transfermarkt.com/fernando-torres/profil/spieler/7767
30,Hernán Crespo,£51.13m,https://www.transfermarkt.com/hernan-crespo/profil/spieler/3410
31,Álvaro Morata,£50.40m,https://www.transfermarkt.com/alvaro-morata/profil/spieler/128223
32,Hulk,£50.22m,https://www.transfermarkt.com/hulk/profil/spieler/80562
33,Antoine Griezmann,£48.60m,https://www.transfermarkt.com/antoine-griezmann/profil/spieler/125781
34,Timo Werner,£47.70m,https://www.transfermarkt.com/timo-werner/profil/spieler/170527
35,Alexandre Lacazette,£47.70m,https://www.transfermarkt.com/alexandre-lacazette/profil/spieler/93720
36,Leroy Sané,£46.80m,https://www.transfermarkt.com/leroy-sane/profil/spieler/192565
37,Mauro Icardi,£45.00m,https://www.transfermarkt.com/mauro-icardi/profil/spieler/68863
38,Victor Osimhen,£45.00m,https://www.transfermarkt.com/victor-osimhen/profil/spieler/401923
39,Sébastien Haller,£45.00m,https://www.transfermarkt.com/sebastien-haller/profil/spieler/181375
40,Bernardo Silva,£45.00m,https://www.transfermarkt.com/bernardo-silva/profil/spieler/241641
41,Alex Teixeira,£45.00m,https://www.transfermarkt.com/alex-teixeira/profil/spieler/66515
42,Christian Benteke,£41.85m,https://www.transfermarkt.com/christian-benteke/profil/spieler/50201
43,Christian Vieri,£41.83m,https://www.transfermarkt.com/christian-vieri/profil/spieler/5797
44,Leroy Sané,£40.50m,https://www.transfermarkt.com/leroy-sane/profil/spieler/192565
45,Rodrygo,£40.50m,https://www.transfermarkt.com/rodrygo/profil/spieler/412363
46,Vinícius Júnior,£40.50m,https://www.transfermarkt.com/vinicius-junior/profil/spieler/371998
47,Ronaldo,£40.50m,https://www.transfermarkt.com/ronaldo/profil/spieler/3140
48,Joelinton,£39.60m,https://www.transfermarkt.com/joelinton/profil/spieler/333241
49,Andriy Shevchenko,£39.49m,https://www.transfermarkt.com/andriy-shevchenko/profil/spieler/3522
50,Falcao,£38.70m,https://www.transfermarkt.com/falcao/profil/spieler/39152
51,Robinho,£38.70m,https://www.transfermarkt.com/robinho/profil/spieler/15511
52,Alexis Sánchez,£38.25m,https://www.transfermarkt.com/alexis-sanchez/profil/spieler/40433
53,Patrik Schick,£37.80m,https://www.transfermarkt.com/patrik-schick/profil/spieler/242086
54,Mohamed Salah,£37.80m,https://www.transfermarkt.com/mohamed-salah/profil/spieler/148455
55,Jackson Martínez,£37.80m,https://www.transfermarkt.com/jackson-martinez/profil/spieler/74418
56,Sadio Mané,£37.08m,https://www.transfermarkt.com/sadio-mane/profil/spieler/200512
57,Malcom,£36.90m,https://www.transfermarkt.com/malcom/profil/spieler/323704
58,Roberto Firmino,£36.90m,https://www.transfermarkt.com/roberto-firmino/profil/spieler/131789
59,Andy Carroll,£36.90m,https://www.transfermarkt.com/andy-carroll/profil/spieler/48066
60,Hakim Ziyech,£36.00m,https://www.transfermarkt.com/hakim-ziyech/profil/spieler/217111
61,Malcom,£36.00m,https://www.transfermarkt.com/malcom/profil/spieler/323704
62,Wissam Ben Yedder,£36.00m,https://www.transfermarkt.com/wissam-ben-yedder/profil/spieler/146854
63,Douglas Costa,£36.00m,https://www.transfermarkt.com/douglas-costa/profil/spieler/75615
64,Gonçalo Guedes,£36.00m,https://www.transfermarkt.com/goncalo-guedes/profil/spieler/225122
65,Federico Bernardeschi,£36.00m,https://www.transfermarkt.com/federico-bernardeschi/profil/spieler/197300
66,Cédric Bakambu,£36.00m,https://www.transfermarkt.com/cedric-bakambu/profil/spieler/127048
67,Paulo Dybala,£36.00m,https://www.transfermarkt.com/paulo-dybala/profil/spieler/206050
68,Hulk,£36.00m,https://www.transfermarkt.com/hulk/profil/spieler/80562
69,Lucas Moura,£36.00m,https://www.transfermarkt.com/lucas-moura/profil/spieler/77100
70,Sergio Agüero,£36.00m,https://www.transfermarkt.com/sergio-aguero/profil/spieler/26399
71,Falcao,£36.00m,https://www.transfermarkt.com/falcao/profil/spieler/39152
72,David Villa,£36.00m,https://www.transfermarkt.com/david-villa/profil/spieler/7980
73,Marc Overmars,£36.00m,https://www.transfermarkt.com/marc-overmars/profil/spieler/3513
74,Richarlison,£35.28m,https://www.transfermarkt.com/richarlison/profil/spieler/378710
75,Michy Batshuayi,£35.10m,https://www.transfermarkt.com/michy-batshuayi/profil/spieler/179184
76,Gonzalo Higuaín,£35.10m,https://www.transfermarkt.com/gonzalo-higuain/profil/spieler/39153
77,Didier Drogba,£34.65m,https://www.transfermarkt.com/didier-drogba/profil/spieler/3924
78,Hirving Lozano,£34.20m,https://www.transfermarkt.com/hirving-lozano/profil/spieler/316889
79,Raúl Jiménez,£34.20m,https://www.transfermarkt.com/raul-jimenez/profil/spieler/206040
80,Felipe Anderson,£34.20m,https://www.transfermarkt.com/felipe-anderson/profil/spieler/159372
81,André Silva,£34.20m,https://www.transfermarkt.com/andre-silva/profil/spieler/198008
82,Diego Costa,£34.20m,https://www.transfermarkt.com/diego-costa/profil/spieler/44779
83,Dimitar Berbatov,£34.20m,https://www.transfermarkt.com/dimitar-berbatov/profil/spieler/65
84,Fernando Torres,£34.20m,https://www.transfermarkt.com/fernando-torres/profil/spieler/7767
85,Jackson Martínez,£33.39m,https://www.transfermarkt.com/jackson-martinez/profil/spieler/74418
86,Edin Dzeko,£33.30m,https://www.transfermarkt.com/edin-dzeko/profil/spieler/28396
87,Filippo Inzaghi,£32.54m,https://www.transfermarkt.com/filippo-inzaghi/profil/spieler/5821
88,Gabriel Batistuta,£32.54m,https://www.transfermarkt.com/gabriel-batistuta/profil/spieler/5959
89,Vitolo,£32.40m,https://www.transfermarkt.com/vitolo/profil/spieler/67082
90,Hernán Crespo,£32.40m,https://www.transfermarkt.com/hernan-crespo/profil/spieler/3410
91,Javier Saviola,£32.31m,https://www.transfermarkt.com/javier-saviola/profil/spieler/7611
92,Willian,£31.95m,https://www.transfermarkt.com/willian/profil/spieler/52769
93,Romelu Lukaku,£31.82m,https://www.transfermarkt.com/romelu-lukaku/profil/spieler/96341
94,Nicolas Anelka,£31.50m,https://www.transfermarkt.com/nicolas-anelka/profil/spieler/3226
95,Dejan Kulusevski,£31.50m,https://www.transfermarkt.com/dejan-kulusevski/profil/spieler/431755
96,Shoya Nakajima,£31.50m,https://www.transfermarkt.com/shoya-nakajima/profil/spieler/188911
97,Krzysztof Piatek,£31.50m,https://www.transfermarkt.com/krzysztof-piatek/profil/spieler/327757
98,Eden Hazard,£31.50m,https://www.transfermarkt.com/eden-hazard/profil/spieler/50202
99,Willian,£31.50m,https://www.transfermarkt.com/willian/profil/spieler/52769
100,Karim Benzema,£31.50m,https://www.transfermarkt.com/karim-benzema/profil/spieler/18922
101,Arjen Robben,£31.50m,https://www.transfermarkt.com/arjen-robben/profil/spieler/4360
102,Nicolas Anelka,£31.05m,https://www.transfermarkt.com/nicolas-anelka/profil/spieler/3226
103,Alexis Sánchez,£30.60m,https://www.transfermarkt.com/alexis-sanchez/profil/spieler/40433
104,Arda Turan,£30.60m,https://www.transfermarkt.com/arda-turan/profil/spieler/21369
105,Memphis Depay,£30.60m,https://www.transfermarkt.com/memphis-depay/profil/spieler/167850
106,Ayoze Pérez,£30.06m,https://www.transfermarkt.com/ayoze-perez/profil/spieler/246968
107,Carlos Bacca,£29.97m,https://www.transfermarkt.com/carlos-bacca/profil/spieler/119235
108,Ángel Di María,£29.70m,https://www.transfermarkt.com/angel-di-maria/profil/spieler/45320
109,Wilfried Bony,£29.07m,https://www.transfermarkt.com/wilfried-bony/profil/spieler/81808
110,Gabriel Jesus,£28.80m,https://www.transfermarkt.com/gabriel-jesus/profil/spieler/363205
111,Arkadiusz Milik,£28.80m,https://www.transfermarkt.com/arkadiusz-milik/profil/spieler/191891
112,André Schürrle,£28.80m,https://www.transfermarkt.com/andre-schurrle/profil/spieler/58205
113,Denílson,£28.35m,https://www.transfermarkt.com/denilson/profil/spieler/7660
114,Shaun Wright-Phillips,£28.35m,https://www.transfermarkt.com/shaun-wright-phillips/profil/spieler/3467
115,Christian Benteke,£28.08m,https://www.transfermarkt.com/christian-benteke/profil/spieler/50201
116,Trincão,£27.90m,https://www.transfermarkt.com/trincao/profil/spieler/412669
117,Juan Cuadrado,£27.90m,https://www.transfermarkt.com/juan-cuadrado/profil/spieler/91970
118,Antonio Cassano,£27.90m,https://www.transfermarkt.com/antonio-cassano/profil/spieler/5962
119,Robin van Persie,£27.63m,https://www.transfermarkt.com/robin-van-persie/profil/spieler/4380
120,Islam Slimani,£27.45m,https://www.transfermarkt.com/islam-slimani/profil/spieler/174915
121,Alex Iwobi,£27.36m,https://www.transfermarkt.com/alex-iwobi/profil/spieler/242631
122,Steven Bergwijn,£27.00m,https://www.transfermarkt.com/steven-bergwijn/profil/spieler/284165
123,Ismaïla Sarr,£27.00m,https://www.transfermarkt.com/ismaila-sarr/profil/spieler/410225
124,Gelson Martins,£27.00m,https://www.transfermarkt.com/gelson-martins/profil/spieler/257448
125,Keita Baldé,£27.00m,https://www.transfermarkt.com/keita-balde/profil/spieler/238752
126,Álvaro Morata,£27.00m,https://www.transfermarkt.com/alvaro-morata/profil/spieler/128223
127,Paco Alcácer,£27.00m,https://www.transfermarkt.com/paco-alcacer/profil/spieler/126716
128,Kévin Gameiro,£27.00m,https://www.transfermarkt.com/kevin-gameiro/profil/spieler/27389
129,André Schürrle,£27.00m,https://www.transfermarkt.com/andre-schurrle/profil/spieler/58205
130,Gonçalo Guedes,£27.00m,https://www.transfermarkt.com/goncalo-guedes/profil/spieler/225122
131,Douglas Costa,£27.00m,https://www.transfermarkt.com/douglas-costa/profil/spieler/75615
132,Rodrigo,£27.00m,https://www.transfermarkt.com/rodrigo/profil/spieler/131505
133,Heung-min Son,£27.00m,https://www.transfermarkt.com/heung-min-son/profil/spieler/91845
134,Roberto Soldado,£27.00m,https://www.transfermarkt.com/roberto-soldado/profil/spieler/34870
135,Erik Lamela,£27.00m,https://www.transfermarkt.com/erik-lamela/profil/spieler/111630
136,Ezequiel Lavezzi,£27.00m,https://www.transfermarkt.com/ezequiel-lavezzi/profil/spieler/50570
137,Mario Gómez,£27.00m,https://www.transfermarkt.com/mario-gomez/profil/spieler/6288
138,Franck Ribéry,£27.00m,https://www.transfermarkt.com/franck-ribery/profil/spieler/22068
139,Gabriel Barbosa,£26.55m,https://www.transfermarkt.com/gabriel-barbosa/profil/spieler/244275
140,Mario Balotelli,£26.55m,https://www.transfermarkt.com/mario-balotelli/profil/spieler/45146
141,Dimitri Payet,£26.37m,https://www.transfermarkt.com/dimitri-payet/profil/spieler/37647
142,Anthony Modeste,£26.10m,https://www.transfermarkt.com/anthony-modeste/profil/spieler/50512
143,Emmanuel Adebayor,£26.10m,https://www.transfermarkt.com/emmanuel-adebayor/profil/spieler/8883
144,Carlos Tévez,£26.10m,https://www.transfermarkt.com/carlos-tevez/profil/spieler/4276
145,Yannick Bolasie,£26.01m,https://www.transfermarkt.com/yannick-bolasie/profil/spieler/75471
146,Ruud van Nistelrooy,£25.65m,https://www.transfermarkt.com/ruud-van-nistelrooy/profil/spieler/3407
147,Christian Vieri,£25.56m,https://www.transfermarkt.com/christian-vieri/profil/spieler/5797
148,Lucas Moura,£25.56m,https://www.transfermarkt.com/lucas-moura/profil/spieler/77100
149,Márcio Amoroso,£25.20m,https://www.transfermarkt.com/marcio-amoroso/profil/spieler/1263
150,Ronaldo,£25.20m,https://www.transfermarkt.com/ronaldo/profil/spieler/3140
151,Borja Iglesias,£25.20m,https://www.transfermarkt.com/borja-iglesias/profil/spieler/278359
152,Álvaro Negredo,£25.20m,https://www.transfermarkt.com/alvaro-negredo/profil/spieler/18644
153,Diego Milito,£25.20m,https://www.transfermarkt.com/diego-milito/profil/spieler/22202
154,Kelechi Iheanacho,£24.93m,https://www.transfermarkt.com/kelechi-iheanacho/profil/spieler/295330
155,Moise Kean,£24.75m,https://www.transfermarkt.com/moise-kean/profil/spieler/364135
156,Pedro,£24.30m,https://www.transfermarkt.com/pedro/profil/spieler/65278
157,Samuel Eto'o,£24.30m,https://www.transfermarkt.com/samuel-etoo/profil/spieler/4257
158,Klaas-Jan Huntelaar,£24.30m,https://www.transfermarkt.com/klaas-jan-huntelaar/profil/spieler/4357
159,Samuel Eto'o,£24.30m,https://www.transfermarkt.com/samuel-etoo/profil/spieler/4257
160,Breel Embolo,£23.85m,https://www.transfermarkt.com/breel-embolo/profil/spieler/237662
161,Luis Suárez,£23.85m,https://www.transfermarkt.com/luis-suarez/profil/spieler/44352
162,Stevan Jovetic,£23.40m,https://www.transfermarkt.com/stevan-jovetic/profil/spieler/46104
163,Alexis Sánchez,£23.40m,https://www.transfermarkt.com/alexis-sanchez/profil/spieler/40433
164,Hernán Crespo,£23.40m,https://www.transfermarkt.com/hernan-crespo/profil/spieler/3410
165,Vincenzo Montella,£23.24m,https://www.transfermarkt.com/vincenzo-montella/profil/spieler/5960
166,Thorgan Hazard,£22.95m,https://www.transfermarkt.com/thorgan-hazard/profil/spieler/102226
167,Nani,£22.95m,https://www.transfermarkt.com/nani/profil/spieler/33706
168,Márcio Amoroso,£22.95m,https://www.transfermarkt.com/marcio-amoroso/profil/spieler/1263
169,Marko Arnautovic,£22.50m,https://www.transfermarkt.com/marko-arnautovic/profil/spieler/41384
170,Rony Lopes,£22.50m,https://www.transfermarkt.com/rony-lopes/profil/spieler/174694
171,Wesley,£22.50m,https://www.transfermarkt.com/wesley/profil/spieler/381362
172,Lautaro Martínez,£22.50m,https://www.transfermarkt.com/lautaro-martinez/profil/spieler/406625
173,Andriy Yarmolenko,£22.50m,https://www.transfermarkt.com/andriy-yarmolenko/profil/spieler/69015
174,Jesé,£22.50m,https://www.transfermarkt.com/jese/profil/spieler/134936
175,Lazar Markovic,£22.50m,https://www.transfermarkt.com/lazar-markovic/profil/spieler/144303
176,Álvaro Negredo,£22.50m,https://www.transfermarkt.com/alvaro-negredo/profil/spieler/18644
177,Bernard,£22.50m,https://www.transfermarkt.com/bernard/profil/spieler/175169
178,Arjen Robben,£22.50m,https://www.transfermarkt.com/arjen-robben/profil/spieler/4360
179,Joaquín,£22.50m,https://www.transfermarkt.com/joaquin/profil/spieler/7663
180,Michael Owen,£22.50m,https://www.transfermarkt.com/michael-owen/profil/spieler/1397
181,Alberto Gilardino,£22.50m,https://www.transfermarkt.com/alberto-gilardino/profil/spieler/5878
182,Marcelo Salas,£22.50m,https://www.transfermarkt.com/marcelo-salas/profil/spieler/3415
183,Savo Milosevic,£22.50m,https://www.transfermarkt.com/savo-milosevic/profil/spieler/7896
184,Zlatan Ibrahimovic,£22.32m,https://www.transfermarkt.com/zlatan-ibrahimovic/profil/spieler/3455
185,Yannick Carrasco,£22.28m,https://www.transfermarkt.com/yannick-carrasco/profil/spieler/140776
186,Darren Bent,£22.28m,https://www.transfermarkt.com/darren-bent/profil/spieler/13239
187,Aleksandar Mitrovic,£22.23m,https://www.transfermarkt.com/aleksandar-mitrovic/profil/spieler/51152
188,Ricardo Quaresma,£22.14m,https://www.transfermarkt.com/ricardo-quaresma/profil/spieler/4188
189,Simone Verdi,£22.05m,https://www.transfermarkt.com/simone-verdi/profil/spieler/130360
190,Luis Muriel,£22.05m,https://www.transfermarkt.com/luis-muriel/profil/spieler/119228
191,Juan Iturbe,£22.05m,https://www.transfermarkt.com/juan-iturbe/profil/spieler/81455
192,André Ayew,£21.69m,https://www.transfermarkt.com/andre-ayew/profil/spieler/45403
193,Krzysztof Piatek,£21.60m,https://www.transfermarkt.com/krzysztof-piatek/profil/spieler/327757
194,Lucas Alario,£21.60m,https://www.transfermarkt.com/lucas-alario/profil/spieler/193782
195,Zlatan Ibrahimovic,£21.60m,https://www.transfermarkt.com/zlatan-ibrahimovic/profil/spieler/3455
196,Lisandro López,£21.60m,https://www.transfermarkt.com/lisandro-lopez/profil/spieler/27661
197,Robbie Keane,£21.60m,https://www.transfermarkt.com/robbie-keane/profil/spieler/3144
198,Jô,£21.60m,https://www.transfermarkt.com/jotm/profil/spieler/34156
199,Thierry Henry,£21.60m,https://www.transfermarkt.com/thierry-henry/profil/spieler/3207
200,Alexandre Pato,£21.60m,https://www.transfermarkt.com/alexandre-pato/profil/spieler/37579
201,Robinho,£21.60m,https://www.transfermarkt.com/robinho/profil/spieler/15511
202,Andriy Shevchenko,£21.52m,https://www.transfermarkt.com/andriy-shevchenko/profil/spieler/3522
203,Mario Mandzukic,£21.06m,https://www.transfermarkt.com/mario-mandzukic/profil/spieler/34572
204,Adriano,£21.06m,https://www.transfermarkt.com/adriano/profil/spieler/5876
205,Hakan Calhanoglu,£20.97m,https://www.transfermarkt.com/hakan-calhanoglu/profil/spieler/126414
206,Odion Ighalo,£20.97m,https://www.transfermarkt.com/odion-ighalo/profil/spieler/62121
207,David Trézéguet,£20.92m,https://www.transfermarkt.com/david-trezeguet/profil/spieler/4146
208,Ferran Torres,£20.70m,https://www.transfermarkt.com/ferran-torres/profil/spieler/398184
209,Paco Alcácer,£20.70m,https://www.transfermarkt.com/paco-alcacer/profil/spieler/126716
210,Rafael Leão,£20.70m,https://www.transfermarkt.com/rafael-leao/profil/spieler/357164
211,Alassane Plea,£20.70m,https://www.transfermarkt.com/alassane-plea/profil/spieler/167329
212,Marko Pjaca,£20.70m,https://www.transfermarkt.com/marko-pjaca/profil/spieler/205940
213,Sadio Mané,£20.70m,https://www.transfermarkt.com/sadio-mane/profil/spieler/200512
214,Claudio López,£20.70m,https://www.transfermarkt.com/claudio-lopez/profil/spieler/3418
215,André Ayew,£20.52m,https://www.transfermarkt.com/andre-ayew/profil/spieler/45403
216,Amauri,£20.52m,https://www.transfermarkt.com/amauri/profil/spieler/6234
217,Raúl de Tomás,£20.25m,https://www.transfermarkt.com/raul-de-tomas/profil/spieler/162038
218,Gelson Martins,£20.25m,https://www.transfermarkt.com/gelson-martins/profil/spieler/257448
219,Nikola Kalinic,£20.25m,https://www.transfermarkt.com/nikola-kalinic/profil/spieler/36371
220,Theo Walcott,£20.25m,https://www.transfermarkt.com/theo-walcott/profil/spieler/33713
221,Cenk Tosun,£20.25m,https://www.transfermarkt.com/cenk-tosun/profil/spieler/45671
222,Jimmy Floyd Hasselbaink,£20.25m,https://www.transfermarkt.com/jimmy-floyd-hasselbaink/profil/spieler/3175
223,Victor Osimhen,£20.16m,https://www.transfermarkt.com/victor-osimhen/profil/spieler/401923
224,Marko Arnautovic,£20.07m,https://www.transfermarkt.com/marko-arnautovic/profil/spieler/41384
225,Danny Ings,£19.98m,https://www.transfermarkt.com/danny-ings/profil/spieler/134294
226,Patrick Cutrone,£19.80m,https://www.transfermarkt.com/patrick-cutrone/profil/spieler/265078
227,Neal Maupay,£19.80m,https://www.transfermarkt.com/neal-maupay/profil/spieler/217115
228,Moussa Dembélé,£19.80m,https://www.transfermarkt.com/moussa-dembele/profil/spieler/229004
229,Guido Carrillo,£19.80m,https://www.transfermarkt.com/guido-carrillo/profil/spieler/184672
230,Vincent Janssen,£19.80m,https://www.transfermarkt.com/vincent-janssen/profil/spieler/207015
231,Raúl Jiménez,£19.80m,https://www.transfermarkt.com/raul-jimenez/profil/spieler/206040
232,Mario Mandzukic,£19.80m,https://www.transfermarkt.com/mario-mandzukic/profil/spieler/34572
233,André Schürrle,£19.80m,https://www.transfermarkt.com/andre-schurrle/profil/spieler/58205
234,Sergio Agüero,£19.53m,https://www.transfermarkt.com/sergio-aguero/profil/spieler/26399
235,Mariano Díaz,£19.35m,https://www.transfermarkt.com/mariano-diaz/profil/spieler/225020
236,Darren Bent,£19.35m,https://www.transfermarkt.com/darren-bent/profil/spieler/13239
237,Jarrod Bowen,£19.17m,https://www.transfermarkt.com/jarrod-bowen/profil/spieler/314875
238,Samu Castillejo,£19.17m,https://www.transfermarkt.com/samu-castillejo/profil/spieler/195171
239,Lucas,£19.17m,https://www.transfermarkt.com/lucas/profil/spieler/8517
240,Dominic Solanke,£19.08m,https://www.transfermarkt.com/dominic-solanke/profil/spieler/258889
241,Roque Santa Cruz,£19.08m,https://www.transfermarkt.com/roque-santa-cruz/profil/spieler/215
242,Matteo Politano,£18.99m,https://www.transfermarkt.com/matteo-politano/profil/spieler/165895
243,Elvir Baljic,£18.90m,https://www.transfermarkt.com/elvir-baljic/profil/spieler/6900
244,Nicola Ventola,£18.90m,https://www.transfermarkt.com/nicola-ventola/profil/spieler/5798
245,Alan Shearer,£18.90m,https://www.transfermarkt.com/alan-shearer/profil/spieler/3110
246,Suso,£18.90m,https://www.transfermarkt.com/suso/profil/spieler/111961
247,Paco Alcácer,£18.90m,https://www.transfermarkt.com/paco-alcacer/profil/spieler/126716
248,Raphinha,£18.90m,https://www.transfermarkt.com/raphinha/profil/spieler/411295
249,Kingsley Coman,£18.90m,https://www.transfermarkt.com/kingsley-coman/profil/spieler/243714
250,Danny Ings,£19.98m,https://www.transfermarkt.com/danny-ings/profil/spieler/134294
251,Patrick Cutrone,£19.80m,https://www.transfermarkt.com/patrick-cutrone/profil/spieler/265078
252,Neal Maupay,£19.80m,https://www.transfermarkt.com/neal-maupay/profil/spieler/217115
253,Moussa Dembélé,£19.80m,https://www.transfermarkt.com/moussa-dembele/profil/spieler/229004
254,Guido Carrillo,£19.80m,https://www.transfermarkt.com/guido-carrillo/profil/spieler/184672
255,Vincent Janssen,£19.80m,https://www.transfermarkt.com/vincent-janssen/profil/spieler/207015
256,Raúl Jiménez,£19.80m,https://www.transfermarkt.com/raul-jimenez/profil/spieler/206040
257,Mario Mandzukic,£19.80m,https://www.transfermarkt.com/mario-mandzukic/profil/spieler/34572
258,André Schürrle,£19.80m,https://www.transfermarkt.com/andre-schurrle/profil/spieler/58205
259,Sergio Agüero,£19.53m,https://www.transfermarkt.com/sergio-aguero/profil/spieler/26399
260,Mariano Díaz,£19.35m,https://www.transfermarkt.com/mariano-diaz/profil/spieler/225020
261,Darren Bent,£19.35m,https://www.transfermarkt.com/darren-bent/profil/spieler/13239
262,Jarrod Bowen,£19.17m,https://www.transfermarkt.com/jarrod-bowen/profil/spieler/314875
263,Samu Castillejo,£19.17m,https://www.transfermarkt.com/samu-castillejo/profil/spieler/195171
264,Lucas,£19.17m,https://www.transfermarkt.com/lucas/profil/spieler/8517
265,Dominic Solanke,£19.08m,https://www.transfermarkt.com/dominic-solanke/profil/spieler/258889
266,Roque Santa Cruz,£19.08m,https://www.transfermarkt.com/roque-santa-cruz/profil/spieler/215
267,Matteo Politano,£18.99m,https://www.transfermarkt.com/matteo-politano/profil/spieler/165895
268,Elvir Baljic,£18.90m,https://www.transfermarkt.com/elvir-baljic/profil/spieler/6900
269,Nicola Ventola,£18.90m,https://www.transfermarkt.com/nicola-ventola/profil/spieler/5798
270,Alan Shearer,£18.90m,https://www.transfermarkt.com/alan-shearer/profil/spieler/3110
271,Suso,£18.90m,https://www.transfermarkt.com/suso/profil/spieler/111961
272,Paco Alcácer,£18.90m,https://www.transfermarkt.com/paco-alcacer/profil/spieler/126716
273,Raphinha,£18.90m,https://www.transfermarkt.com/raphinha/profil/spieler/411295
274,Kingsley Coman,£18.90m,https://www.transfermarkt.com/kingsley-coman/profil/spieler/243714
275,Danny Ings,£19.98m,https://www.transfermarkt.com/danny-ings/profil/spieler/134294
276,Patrick Cutrone,£19.80m,https://www.transfermarkt.com/patrick-cutrone/profil/spieler/265078
277,Neal Maupay,£19.80m,https://www.transfermarkt.com/neal-maupay/profil/spieler/217115
278,Moussa Dembélé,£19.80m,https://www.transfermarkt.com/moussa-dembele/profil/spieler/229004
279,Guido Carrillo,£19.80m,https://www.transfermarkt.com/guido-carrillo/profil/spieler/184672
280,Vincent Janssen,£19.80m,https://www.transfermarkt.com/vincent-janssen/profil/spieler/207015
281,Raúl Jiménez,£19.80m,https://www.transfermarkt.com/raul-jimenez/profil/spieler/206040
282,Mario Mandzukic,£19.80m,https://www.transfermarkt.com/mario-mandzukic/profil/spieler/34572
283,André Schürrle,£19.80m,https://www.transfermarkt.com/andre-schurrle/profil/spieler/58205
284,Sergio Agüero,£19.53m,https://www.transfermarkt.com/sergio-aguero/profil/spieler/26399
285,Mariano Díaz,£19.35m,https://www.transfermarkt.com/mariano-diaz/profil/spieler/225020
286,Darren Bent,£19.35m,https://www.transfermarkt.com/darren-bent/profil/spieler/13239
287,Jarrod Bowen,£19.17m,https://www.transfermarkt.com/jarrod-bowen/profil/spieler/314875
288,Samu Castillejo,£19.17m,https://www.transfermarkt.com/samu-castillejo/profil/spieler/195171
289,Lucas,£19.17m,https://www.transfermarkt.com/lucas/profil/spieler/8517
290,Dominic Solanke,£19.08m,https://www.transfermarkt.com/dominic-solanke/profil/spieler/258889
291,Roque Santa Cruz,£19.08m,https://www.transfermarkt.com/roque-santa-cruz/profil/spieler/215
292,Matteo Politano,£18.99m,https://www.transfermarkt.com/matteo-politano/profil/spieler/165895
293,Elvir Baljic,£18.90m,https://www.transfermarkt.com/elvir-baljic/profil/spieler/6900
294,Nicola Ventola,£18.90m,https://www.transfermarkt.com/nicola-ventola/profil/spieler/5798
295,Alan Shearer,£18.90m,https://www.transfermarkt.com/alan-shearer/profil/spieler/3110
296,Suso,£18.90m,https://www.transfermarkt.com/suso/profil/spieler/111961
297,Paco Alcácer,£18.90m,https://www.transfermarkt.com/paco-alcacer/profil/spieler/126716
298,Raphinha,£18.90m,https://www.transfermarkt.com/raphinha/profil/spieler/411295
299,Kingsley Coman,£18.90m,https://www.transfermarkt.com/kingsley-coman/profil/spieler/243714
300,Danny Ings,£19.98m,https://www.transfermarkt.com/danny-ings/profil/spieler/134294
301,Patrick Cutrone,£19.80m,https://www.transfermarkt.com/patrick-cutrone/profil/spieler/265078
302,Neal Maupay,£19.80m,https://www.transfermarkt.com/neal-maupay/profil/spieler/217115
303,Moussa Dembélé,£19.80m,https://www.transfermarkt.com/moussa-dembele/profil/spieler/229004
304,Guido Carrillo,£19.80m,https://www.transfermarkt.com/guido-carrillo/profil/spieler/184672
305,Vincent Janssen,£19.80m,https://www.transfermarkt.com/vincent-janssen/profil/spieler/207015
306,Raúl Jiménez,£19.80m,https://www.transfermarkt.com/raul-jimenez/profil/spieler/206040
307,Mario Mandzukic,£19.80m,https://www.transfermarkt.com/mario-mandzukic/profil/spieler/34572
308,André Schürrle,£19.80m,https://www.transfermarkt.com/andre-schurrle/profil/spieler/58205
309,Sergio Agüero,£19.53m,https://www.transfermarkt.com/sergio-aguero/profil/spieler/26399
310,Mariano Díaz,£19.35m,https://www.transfermarkt.com/mariano-diaz/profil/spieler/225020
311,Darren Bent,£19.35m,https://www.transfermarkt.com/darren-bent/profil/spieler/13239
312,Jarrod Bowen,£19.17m,https://www.transfermarkt.com/jarrod-bowen/profil/spieler/314875
313,Samu Castillejo,£19.17m,https://www.transfermarkt.com/samu-castillejo/profil/spieler/195171
314,Lucas,£19.17m,https://www.transfermarkt.com/lucas/profil/spieler/8517
315,Dominic Solanke,£19.08m,https://www.transfermarkt.com/dominic-solanke/profil/spieler/258889
316,Roque Santa Cruz,£19.08m,https://www.transfermarkt.com/roque-santa-cruz/profil/spieler/215
317,Matteo Politano,£18.99m,https://www.transfermarkt.com/matteo-politano/profil/spieler/165895
318,Elvir Baljic,£18.90m,https://www.transfermarkt.com/elvir-baljic/profil/spieler/6900
319,Nicola Ventola,£18.90m,https://www.transfermarkt.com/nicola-ventola/profil/spieler/5798
320,Alan Shearer,£18.90m,https://www.transfermarkt.com/alan-shearer/profil/spieler/3110
321,Suso,£18.90m,https://www.transfermarkt.com/suso/profil/spieler/111961
322,Paco Alcácer,£18.90m,https://www.transfermarkt.com/paco-alcacer/profil/spieler/126716
323,Raphinha,£18.90m,https://www.transfermarkt.com/raphinha/profil/spieler/411295
324,Kingsley Coman,£18.90m,https://www.transfermarkt.com/kingsley-coman/profil/spieler/243714
325,Danny Ings,£19.98m,https://www.transfermarkt.com/danny-ings/profil/spieler/134294
326,Patrick Cutrone,£19.80m,https://www.transfermarkt.com/patrick-cutrone/profil/spieler/265078
327,Neal Maupay,£19.80m,https://www.transfermarkt.com/neal-maupay/profil/spieler/217115
328,Moussa Dembélé,£19.80m,https://www.transfermarkt.com/moussa-dembele/profil/spieler/229004
329,Guido Carrillo,£19.80m,https://www.transfermarkt.com/guido-carrillo/profil/spieler/184672
330,Vincent Janssen,£19.80m,https://www.transfermarkt.com/vincent-janssen/profil/spieler/207015
331,Raúl Jiménez,£19.80m,https://www.transfermarkt.com/raul-jimenez/profil/spieler/206040
332,Mario Mandzukic,£19.80m,https://www.transfermarkt.com/mario-mandzukic/profil/spieler/34572
333,André Schürrle,£19.80m,https://www.transfermarkt.com/andre-schurrle/profil/spieler/58205
334,Sergio Agüero,£19.53m,https://www.transfermarkt.com/sergio-aguero/profil/spieler/26399
335,Mariano Díaz,£19.35m,https://www.transfermarkt.com/mariano-diaz/profil/spieler/225020
336,Darren Bent,£19.35m,https://www.transfermarkt.com/darren-bent/profil/spieler/13239
337,Jarrod Bowen,£19.17m,https://www.transfermarkt.com/jarrod-bowen/profil/spieler/314875
338,Samu Castillejo,£19.17m,https://www.transfermarkt.com/samu-castillejo/profil/spieler/195171
339,Lucas,£19.17m,https://www.transfermarkt.com/lucas/profil/spieler/8517
340,Dominic Solanke,£19.08m,https://www.transfermarkt.com/dominic-solanke/profil/spieler/258889
341,Roque Santa Cruz,£19.08m,https://www.transfermarkt.com/roque-santa-cruz/profil/spieler/215
342,Matteo Politano,£18.99m,https://www.transfermarkt.com/matteo-politano/profil/spieler/165895
343,Elvir Baljic,£18.90m,https://www.transfermarkt.com/elvir-baljic/profil/spieler/6900
344,Nicola Ventola,£18.90m,https://www.transfermarkt.com/nicola-ventola/profil/spieler/5798
345,Alan Shearer,£18.90m,https://www.transfermarkt.com/alan-shearer/profil/spieler/3110
346,Suso,£18.90m,https://www.transfermarkt.com/suso/profil/spieler/111961
347,Paco Alcácer,£18.90m,https://www.transfermarkt.com/paco-alcacer/profil/spieler/126716
348,Raphinha,£18.90m,https://www.transfermarkt.com/raphinha/profil/spieler/411295
349,Kingsley Coman,£18.90m,https://www.transfermarkt.com/kingsley-coman/profil/spieler/243714
350,Danny Ings,£19.98m,https://www.transfermarkt.com/danny-ings/profil/spieler/134294
351,Patrick Cutrone,£19.80m,https://www.transfermarkt.com/patrick-cutrone/profil/spieler/265078
352,Neal Maupay,£19.80m,https://www.transfermarkt.com/neal-maupay/profil/spieler/217115
353,Moussa Dembélé,£19.80m,https://www.transfermarkt.com/moussa-dembele/profil/spieler/229004
354,Guido Carrillo,£19.80m,https://www.transfermarkt.com/guido-carrillo/profil/spieler/184672
355,Vincent Janssen,£19.80m,https://www.transfermarkt.com/vincent-janssen/profil/spieler/207015
356,Raúl Jiménez,£19.80m,https://www.transfermarkt.com/raul-jimenez/profil/spieler/206040
357,Mario Mandzukic,£19.80m,https://www.transfermarkt.com/mario-mandzukic/profil/spieler/34572
358,André Schürrle,£19.80m,https://www.transfermarkt.com/andre-schurrle/profil/spieler/58205
359,Sergio Agüero,£19.53m,https://www.transfermarkt.com/sergio-aguero/profil/spieler/26399
360,Mariano Díaz,£19.35m,https://www.transfermarkt.com/mariano-diaz/profil/spieler/225020
361,Darren Bent,£19.35m,https://www.transfermarkt.com/darren-bent/profil/spieler/13239
362,Jarrod Bowen,£19.17m,https://www.transfermarkt.com/jarrod-bowen/profil/spieler/314875
363,Samu Castillejo,£19.17m,https://www.transfermarkt.com/samu-castillejo/profil/spieler/195171
364,Lucas,£19.17m,https://www.transfermarkt.com/lucas/profil/spieler/8517
365,Dominic Solanke,£19.08m,https://www.transfermarkt.com/dominic-solanke/profil/spieler/258889
366,Roque Santa Cruz,£19.08m,https://www.transfermarkt.com/roque-santa-cruz/profil/spieler/215
367,Matteo Politano,£18.99m,https://www.transfermarkt.com/matteo-politano/profil/spieler/165895
368,Elvir Baljic,£18.90m,https://www.transfermarkt.com/elvir-baljic/profil/spieler/6900
369,Nicola Ventola,£18.90m,https://www.transfermarkt.com/nicola-ventola/profil/spieler/5798
370,Alan Shearer,£18.90m,https://www.transfermarkt.com/alan-shearer/profil/spieler/3110
371,Suso,£18.90m,https://www.transfermarkt.com/suso/profil/spieler/111961
372,Paco Alcácer,£18.90m,https://www.transfermarkt.com/paco-alcacer/profil/spieler/126716
373,Raphinha,£18.90m,https://www.transfermarkt.com/raphinha/profil/spieler/411295
374,Kingsley Coman,£18.90m,https://www.transfermarkt.com/kingsley-coman/profil/spieler/243714
375,Danny Ings,£19.98m,https://www.transfermarkt.com/danny-ings/profil/spieler/134294
376,Patrick Cutrone,£19.80m,https://www.transfermarkt.com/patrick-cutrone/profil/spieler/265078
377,Neal Maupay,£19.80m,https://www.transfermarkt.com/neal-maupay/profil/spieler/217115
378,Moussa Dembélé,£19.80m,https://www.transfermarkt.com/moussa-dembele/profil/spieler/229004
379,Guido Carrillo,£19.80m,https://www.transfermarkt.com/guido-carrillo/profil/spieler/184672
380,Vincent Janssen,£19.80m,https://www.transfermarkt.com/vincent-janssen/profil/spieler/207015
381,Raúl Jiménez,£19.80m,https://www.transfermarkt.com/raul-jimenez/profil/spieler/206040
382,Mario Mandzukic,£19.80m,https://www.transfermarkt.com/mario-mandzukic/profil/spieler/34572
383,André Schürrle,£19.80m,https://www.transfermarkt.com/andre-schurrle/profil/spieler/58205
384,Sergio Agüero,£19.53m,https://www.transfermarkt.com/sergio-aguero/profil/spieler/26399
385,Mariano Díaz,£19.35m,https://www.transfermarkt.com/mariano-diaz/profil/spieler/225020
386,Darren Bent,£19.35m,https://www.transfermarkt.com/darren-bent/profil/spieler/13239
387,Jarrod Bowen,£19.17m,https://www.transfermarkt.com/jarrod-bowen/profil/spieler/314875
388,Samu Castillejo,£19.17m,https://www.transfermarkt.com/samu-castillejo/profil/spieler/195171
389,Lucas,£19.17m,https://www.transfermarkt.com/lucas/profil/spieler/8517
390,Dominic Solanke,£19.08m,https://www.transfermarkt.com/dominic-solanke/profil/spieler/258889
391,Roque Santa Cruz,£19.08m,https://www.transfermarkt.com/roque-santa-cruz/profil/spieler/215
392,Matteo Politano,£18.99m,https://www.transfermarkt.com/matteo-politano/profil/spieler/165895
393,Elvir Baljic,£18.90m,https://www.transfermarkt.com/elvir-baljic/profil/spieler/6900
394,Nicola Ventola,£18.90m,https://www.transfermarkt.com/nicola-ventola/profil/spieler/5798
395,Alan Shearer,£18.90m,https://www.transfermarkt.com/alan-shearer/profil/spieler/3110
396,Suso,£18.90m,https://www.transfermarkt.com/suso/profil/spieler/111961
397,Paco Alcácer,£18.90m,https://www.transfermarkt.com/paco-alcacer/profil/spieler/126716
398,Raphinha,£18.90m,https://www.transfermarkt.com/raphinha/profil/spieler/411295
399,Kingsley Coman,£18.90m,https://www.transfermarkt.com/kingsley-coman/profil/spieler/243714
400,Danny Ings,£19.98m,https://www.transfermarkt.com/danny-ings/profil/spieler/134294
401,Patrick Cutrone,£19.80m,https://www.transfermarkt.com/patrick-cutrone/profil/spieler/265078
402,Neal Maupay,£19.80m,https://www.transfermarkt.com/neal-maupay/profil/spieler/217115
403,Moussa Dembélé,£19.80m,https://www.transfermarkt.com/moussa-dembele/profil/spieler/229004
404,Guido Carrillo,£19.80m,https://www.transfermarkt.com/guido-carrillo/profil/spieler/184672
405,Vincent Janssen,£19.80m,https://www.transfermarkt.com/vincent-janssen/profil/spieler/207015
406,Raúl Jiménez,£19.80m,https://www.transfermarkt.com/raul-jimenez/profil/spieler/206040
407,Mario Mandzukic,£19.80m,https://www.transfermarkt.com/mario-mandzukic/profil/spieler/34572
408,André Schürrle,£19.80m,https://www.transfermarkt.com/andre-schurrle/profil/spieler/58205
409,Sergio Agüero,£19.53m,https://www.transfermarkt.com/sergio-aguero/profil/spieler/26399
410,Mariano Díaz,£19.35m,https://www.transfermarkt.com/mariano-diaz/profil/spieler/225020
411,Darren Bent,£19.35m,https://www.transfermarkt.com/darren-bent/profil/spieler/13239
412,Jarrod Bowen,£19.17m,https://www.transfermarkt.com/jarrod-bowen/profil/spieler/314875
413,Samu Castillejo,£19.17m,https://www.transfermarkt.com/samu-castillejo/profil/spieler/195171
414,Lucas,£19.17m,https://www.transfermarkt.com/lucas/profil/spieler/8517
415,Dominic Solanke,£19.08m,https://www.transfermarkt.com/dominic-solanke/profil/spieler/258889
416,Roque Santa Cruz,£19.08m,https://www.transfermarkt.com/roque-santa-cruz/profil/spieler/215
417,Matteo Politano,£18.99m,https://www.transfermarkt.com/matteo-politano/profil/spieler/165895
418,Elvir Baljic,£18.90m,https://www.transfermarkt.com/elvir-baljic/profil/spieler/6900
419,Nicola Ventola,£18.90m,https://www.transfermarkt.com/nicola-ventola/profil/spieler/5798
420,Alan Shearer,£18.90m,https://www.transfermarkt.com/alan-shearer/profil/spieler/3110
421,Suso,£18.90m,https://www.transfermarkt.com/suso/profil/spieler/111961
422,Paco Alcácer,£18.90m,https://www.transfermarkt.com/paco-alcacer/profil/spieler/126716
423,Raphinha,£18.90m,https://www.transfermarkt.com/raphinha/profil/spieler/411295
424,Kingsley Coman,£18.90m,https://www.transfermarkt.com/kingsley-coman/profil/spieler/243714
425,Danny Ings,£19.98m,https://www.transfermarkt.com/danny-ings/profil/spieler/134294
426,Patrick Cutrone,£19.80m,https://www.transfermarkt.com/patrick-cutrone/profil/spieler/265078
427,Neal Maupay,£19.80m,https://www.transfermarkt.com/neal-maupay/profil/spieler/217115
428,Moussa Dembélé,£19.80m,https://www.transfermarkt.com/moussa-dembele/profil/spieler/229004
429,Guido Carrillo,£19.80m,https://www.transfermarkt.com/guido-carrillo/profil/spieler/184672
430,Vincent Janssen,£19.80m,https://www.transfermarkt.com/vincent-janssen/profil/spieler/207015
431,Raúl Jiménez,£19.80m,https://www.transfermarkt.com/raul-jimenez/profil/spieler/206040
432,Mario Mandzukic,£19.80m,https://www.transfermarkt.com/mario-mandzukic/profil/spieler/34572
433,André Schürrle,£19.80m,https://www.transfermarkt.com/andre-schurrle/profil/spieler/58205
434,Sergio Agüero,£19.53m,https://www.transfermarkt.com/sergio-aguero/profil/spieler/26399
435,Mariano Díaz,£19.35m,https://www.transfermarkt.com/mariano-diaz/profil/spieler/225020
436,Darren Bent,£19.35m,https://www.transfermarkt.com/darren-bent/profil/spieler/13239
437,Jarrod Bowen,£19.17m,https://www.transfermarkt.com/jarrod-bowen/profil/spieler/314875
438,Samu Castillejo,£19.17m,https://www.transfermarkt.com/samu-castillejo/profil/spieler/195171
439,Lucas,£19.17m,https://www.transfermarkt.com/lucas/profil/spieler/8517
440,Dominic Solanke,£19.08m,https://www.transfermarkt.com/dominic-solanke/profil/spieler/258889
441,Roque Santa Cruz,£19.08m,https://www.transfermarkt.com/roque-santa-cruz/profil/spieler/215
442,Matteo Politano,£18.99m,https://www.transfermarkt.com/matteo-politano/profil/spieler/165895
443,Elvir Baljic,£18.90m,https://www.transfermarkt.com/elvir-baljic/profil/spieler/6900
444,Nicola Ventola,£18.90m,https://www.transfermarkt.com/nicola-ventola/profil/spieler/5798
445,Alan Shearer,£18.90m,https://www.transfermarkt.com/alan-shearer/profil/spieler/3110
446,Suso,£18.90m,https://www.transfermarkt.com/suso/profil/spieler/111961
447,Paco Alcácer,£18.90m,https://www.transfermarkt.com/paco-alcacer/profil/spieler/126716
448,Raphinha,£18.90m,https://www.transfermarkt.com/raphinha/profil/spieler/411295
449,Kingsley Coman,£18.90m,https://www.transfermarkt.com/kingsley-coman/profil/spieler/243714
450,Danny Ings,£19.98m,https://www.transfermarkt.com/danny-ings/profil/spieler/134294
451,Patrick Cutrone,£19.80m,https://www.transfermarkt.com/patrick-cutrone/profil/spieler/265078
452,Neal Maupay,£19.80m,https://www.transfermarkt.com/neal-maupay/profil/spieler/217115
453,Moussa Dembélé,£19.80m,https://www.transfermarkt.com/moussa-dembele/profil/spieler/229004
454,Guido Carrillo,£19.80m,https://www.transfermarkt.com/guido-carrillo/profil/spieler/184672
455,Vincent Janssen,£19.80m,https://www.transfermarkt.com/vincent-janssen/profil/spieler/207015
456,Raúl Jiménez,£19.80m,https://www.transfermarkt.com/raul-jimenez/profil/spieler/206040
457,Mario Mandzukic,£19.80m,https://www.transfermarkt.com/mario-mandzukic/profil/spieler/34572
458,André Schürrle,£19.80m,https://www.transfermarkt.com/andre-schurrle/profil/spieler/58205
459,Sergio Agüero,£19.53m,https://www.transfermarkt.com/sergio-aguero/profil/spieler/26399
460,Mariano Díaz,£19.35m,https://www.transfermarkt.com/mariano-diaz/profil/spieler/225020
461,Darren Bent,£19.35m,https://www.transfermarkt.com/darren-bent/profil/spieler/13239
462,Jarrod Bowen,£19.17m,https://www.transfermarkt.com/jarrod-bowen/profil/spieler/314875
463,Samu Castillejo,£19.17m,https://www.transfermarkt.com/samu-castillejo/profil/spieler/195171
464,Lucas,£19.17m,https://www.transfermarkt.com/lucas/profil/spieler/8517
465,Dominic Solanke,£19.08m,https://www.transfermarkt.com/dominic-solanke/profil/spieler/258889
466,Roque Santa Cruz,£19.08m,https://www.transfermarkt.com/roque-santa-cruz/profil/spieler/215
467,Matteo Politano,£18.99m,https://www.transfermarkt.com/matteo-politano/profil/spieler/165895
468,Elvir Baljic,£18.90m,https://www.transfermarkt.com/elvir-baljic/profil/spieler/6900
469,Nicola Ventola,£18.90m,https://www.transfermarkt.com/nicola-ventola/profil/spieler/5798
470,Alan Shearer,£18.90m,https://www.transfermarkt.com/alan-shearer/profil/spieler/3110
471,Suso,£18.90m,https://www.transfermarkt.com/suso/profil/spieler/111961
472,Paco Alcácer,£18.90m,https://www.transfermarkt.com/paco-alcacer/profil/spieler/126716
473,Raphinha,£18.90m,https://www.transfermarkt.com/raphinha/profil/spieler/411295
474,Kingsley Coman,£18.90m,https://www.transfermarkt.com/kingsley-coman/profil/spieler/243714
475,Danny Ings,£19.98m,https://www.transfermarkt.com/danny-ings/profil/spieler/134294
476,Patrick Cutrone,£19.80m,https://www.transfermarkt.com/patrick-cutrone/profil/spieler/265078
477,Neal Maupay,£19.80m,https://www.transfermarkt.com/neal-maupay/profil/spieler/217115
478,Moussa Dembélé,£19.80m,https://www.transfermarkt.com/moussa-dembele/profil/spieler/229004
479,Guido Carrillo,£19.80m,https://www.transfermarkt.com/guido-carrillo/profil/spieler/184672
480,Vincent Janssen,£19.80m,https://www.transfermarkt.com/vincent-janssen/profil/spieler/207015
481,Raúl Jiménez,£19.80m,https://www.transfermarkt.com/raul-jimenez/profil/spieler/206040
482,Mario Mandzukic,£19.80m,https://www.transfermarkt.com/mario-mandzukic/profil/spieler/34572
483,André Schürrle,£19.80m,https://www.transfermarkt.com/andre-schurrle/profil/spieler/58205
484,Sergio Agüero,£19.53m,https://www.transfermarkt.com/sergio-aguero/profil/spieler/26399
485,Mariano Díaz,£19.35m,https://www.transfermarkt.com/mariano-diaz/profil/spieler/225020
486,Darren Bent,£19.35m,https://www.transfermarkt.com/darren-bent/profil/spieler/13239
487,Jarrod Bowen,£19.17m,https://www.transfermarkt.com/jarrod-bowen/profil/spieler/314875
488,Samu Castillejo,£19.17m,https://www.transfermarkt.com/samu-castillejo/profil/spieler/195171
489,Lucas,£19.17m,https://www.transfermarkt.com/lucas/profil/spieler/8517
490,Dominic Solanke,£19.08m,https://www.transfermarkt.com/dominic-solanke/profil/spieler/258889
491,Roque Santa Cruz,£19.08m,https://www.transfermarkt.com/roque-santa-cruz/profil/spieler/215
492,Matteo Politano,£18.99m,https://www.transfermarkt.com/matteo-politano/profil/spieler/165895
493,Elvir Baljic,£18.90m,https://www.transfermarkt.com/elvir-baljic/profil/spieler/6900
494,Nicola Ventola,£18.90m,https://www.transfermarkt.com/nicola-ventola/profil/spieler/5798
495,Alan Shearer,£18.90m,https://www.transfermarkt.com/alan-shearer/profil/spieler/3110
496,Suso,£18.90m,https://www.transfermarkt.com/suso/profil/spieler/111961
497,Paco Alcácer,£18.90m,https://www.transfermarkt.com/paco-alcacer/profil/spieler/126716
498,Raphinha,£18.90m,https://www.transfermarkt.com/raphinha/profil/spieler/411295
499,Kingsley Coman,£18.90m,https://www.transfermarkt.com/kingsley-coman/profil/spieler/243714
500,Danny Ings,£19.98m,https://www.transfermarkt.com/danny-ings/profil/spieler/134294
501,Patrick Cutrone,£19.80m,https://www.transfermarkt.com/patrick-cutrone/profil/spieler/265078
502,Neal Maupay,£19.80m,https://www.transfermarkt.com/neal-maupay/profil/spieler/217115
503,Moussa Dembélé,£19.80m,https://www.transfermarkt.com/moussa-dembele/profil/spieler/229004
504,Guido Carrillo,£19.80m,https://www.transfermarkt.com/guido-carrillo/profil/spieler/184672
505,Vincent Janssen,£19.80m,https://www.transfermarkt.com/vincent-janssen/profil/spieler/207015
506,Raúl Jiménez,£19.80m,https://www.transfermarkt.com/raul-jimenez/profil/spieler/206040
507,Mario Mandzukic,£19.80m,https://www.transfermarkt.com/mario-mandzukic/profil/spieler/34572
508,André Schürrle,£19.80m,https://www.transfermarkt.com/andre-schurrle/profil/spieler/58205
509,Sergio Agüero,£19.53m,https://www.transfermarkt.com/sergio-aguero/profil/spieler/26399
510,Mariano Díaz,£19.35m,https://www.transfermarkt.com/mariano-diaz/profil/spieler/225020
511,Darren Bent,£19.35m,https://www.transfermarkt.com/darren-bent/profil/spieler/13239
512,Jarrod Bowen,£19.17m,https://www.transfermarkt.com/jarrod-bowen/profil/spieler/314875
513,Samu Castillejo,£19.17m,https://www.transfermarkt.com/samu-castillejo/profil/spieler/195171
514,Lucas,£19.17m,https://www.transfermarkt.com/lucas/profil/spieler/8517
515,Dominic Solanke,£19.08m,https://www.transfermarkt.com/dominic-solanke/profil/spieler/258889
516,Roque Santa Cruz,£19.08m,https://www.transfermarkt.com/roque-santa-cruz/profil/spieler/215
517,Matteo Politano,£18.99m,https://www.transfermarkt.com/matteo-politano/profil/spieler/165895
518,Elvir Baljic,£18.90m,https://www.transfermarkt.com/elvir-baljic/profil/spieler/6900
519,Nicola Ventola,£18.90m,https://www.transfermarkt.com/nicola-ventola/profil/spieler/5798
520,Alan Shearer,£18.90m,https://www.transfermarkt.com/alan-shearer/profil/spieler/3110
521,Suso,£18.90m,https://www.transfermarkt.com/suso/profil/spieler/111961
522,Paco Alcácer,£18.90m,https://www.transfermarkt.com/paco-alcacer/profil/spieler/126716
523,Raphinha,£18.90m,https://www.transfermarkt.com/raphinha/profil/spieler/411295
524,Kingsley Coman,£18.90m,https://www.transfermarkt.com/kingsley-coman/profil/spieler/243714
525,Danny Ings,£19.98m,https://www.transfermarkt.com/danny-ings/profil/spieler/134294
526,Patrick Cutrone,£19.80m,https://www.transfermarkt.com/patrick-cutrone/profil/spieler/265078
527,Neal Maupay,£19.80m,https://www.transfermarkt.com/neal-maupay/profil/spieler/217115
528,Moussa Dembélé,£19.80m,https://www.transfermarkt.com/moussa-dembele/profil/spieler/229004
529,Guido Carrillo,£19.80m,https://www.transfermarkt.com/guido-carrillo/profil/spieler/184672
530,Vincent Janssen,£19.80m,https://www.transfermarkt.com/vincent-janssen/profil/spieler/207015
531,Raúl Jiménez,£19.80m,https://www.transfermarkt.com/raul-jimenez/profil/spieler/206040
532,Mario Mandzukic,£19.80m,https://www.transfermarkt.com/mario-mandzukic/profil/spieler/34572
533,André Schürrle,£19.80m,https://www.transfermarkt.com/andre-schurrle/profil/spieler/58205
534,Sergio Agüero,£19.53m,https://www.transfermarkt.com/sergio-aguero/profil/spieler/26399
535,Mariano Díaz,£19.35m,https://www.transfermarkt.com/mariano-diaz/profil/spieler/225020
536,Darren Bent,£19.35m,https://www.transfermarkt.com/darren-bent/profil/spieler/13239
537,Jarrod Bowen,£19.17m,https://www.transfermarkt.com/jarrod-bowen/profil/spieler/314875
538,Samu Castillejo,£19.17m,https://www.transfermarkt.com/samu-castillejo/profil/spieler/195171
539,Lucas,£19.17m,https://www.transfermarkt.com/lucas/profil/spieler/8517
540,Dominic Solanke,£19.08m,https://www.transfermarkt.com/dominic-solanke/profil/spieler/258889
541,Roque Santa Cruz,£19.08m,https://www.transfermarkt.com/roque-santa-cruz/profil/spieler/215
542,Matteo Politano,£18.99m,https://www.transfermarkt.com/matteo-politano/profil/spieler/165895
543,Elvir Baljic,£18.90m,https://www.transfermarkt.com/elvir-baljic/profil/spieler/6900
544,Nicola Ventola,£18.90m,https://www.transfermarkt.com/nicola-ventola/profil/spieler/5798
545,Alan Shearer,£18.90m,https://www.transfermarkt.com/alan-shearer/profil/spieler/3110
546,Suso,£18.90m,https://www.transfermarkt.com/suso/profil/spieler/111961
547,Paco Alcácer,£18.90m,https://www.transfermarkt.com/paco-alcacer/profil/spieler/126716
548,Raphinha,£18.90m,https://www.transfermarkt.com/raphinha/profil/spieler/411295
549,Kingsley Coman,£18.90m,https://www.transfermarkt.com/kingsley-coman/profil/spieler/243714
550,Danny Ings,£19.98m,https://www.transfermarkt.com/danny-ings/profil/spieler/134294
551,Patrick Cutrone,£19.80m,https://www.transfermarkt.com/patrick-cutrone/profil/spieler/265078
552,Neal Maupay,£19.80m,https://www.transfermarkt.com/neal-maupay/profil/spieler/217115
553,Moussa Dembélé,£19.80m,https://www.transfermarkt.com/moussa-dembele/profil/spieler/229004
554,Guido Carrillo,£19.80m,https://www.transfermarkt.com/guido-carrillo/profil/spieler/184672
555,Vincent Janssen,£19.80m,https://www.transfermarkt.com/vincent-janssen/profil/spieler/207015
556,Raúl Jiménez,£19.80m,https://www.transfermarkt.com/raul-jimenez/profil/spieler/206040
557,Mario Mandzukic,£19.80m,https://www.transfermarkt.com/mario-mandzukic/profil/spieler/34572
558,André Schürrle,£19.80m,https://www.transfermarkt.com/andre-schurrle/profil/spieler/58205
559,Sergio Agüero,£19.53m,https://www.transfermarkt.com/sergio-aguero/profil/spieler/26399
560,Mariano Díaz,£19.35m,https://www.transfermarkt.com/mariano-diaz/profil/spieler/225020
561,Darren Bent,£19.35m,https://www.transfermarkt.com/darren-bent/profil/spieler/13239
562,Jarrod Bowen,£19.17m,https://www.transfermarkt.com/jarrod-bowen/profil/spieler/314875
563,Samu Castillejo,£19.17m,https://www.transfermarkt.com/samu-castillejo/profil/spieler/195171
564,Lucas,£19.17m,https://www.transfermarkt.com/lucas/profil/spieler/8517
565,Dominic Solanke,£19.08m,https://www.transfermarkt.com/dominic-solanke/profil/spieler/258889
566,Roque Santa Cruz,£19.08m,https://www.transfermarkt.com/roque-santa-cruz/profil/spieler/215
567,Matteo Politano,£18.99m,https://www.transfermarkt.com/matteo-politano/profil/spieler/165895
568,Elvir Baljic,£18.90m,https://www.transfermarkt.com/elvir-baljic/profil/spieler/6900
569,Nicola Ventola,£18.90m,https://www.transfermarkt.com/nicola-ventola/profil/spieler/5798
570,Alan Shearer,£18.90m,https://www.transfermarkt.com/alan-shearer/profil/spieler/3110
571,Suso,£18.90m,https://www.transfermarkt.com/suso/profil/spieler/111961
572,Paco Alcácer,£18.90m,https://www.transfermarkt.com/paco-alcacer/profil/spieler/126716
573,Raphinha,£18.90m,https://www.transfermarkt.com/raphinha/profil/spieler/411295
574,Kingsley Coman,£18.90m,https://www.transfermarkt.com/kingsley-coman/profil/spieler/243714
575,Danny Ings,£19.98m,https://www.transfermarkt.com/danny-ings/profil/spieler/134294
576,Patrick Cutrone,£19.80m,https://www.transfermarkt.com/patrick-cutrone/profil/spieler/265078
577,Neal Maupay,£19.80m,https://www.transfermarkt.com/neal-maupay/profil/spieler/217115
578,Moussa Dembélé,£19.80m,https://www.transfermarkt.com/moussa-dembele/profil/spieler/229004
579,Guido Carrillo,£19.80m,https://www.transfermarkt.com/guido-carrillo/profil/spieler/184672
580,Vincent Janssen,£19.80m,https://www.transfermarkt.com/vincent-janssen/profil/spieler/207015
581,Raúl Jiménez,£19.80m,https://www.transfermarkt.com/raul-jimenez/profil/spieler/206040
582,Mario Mandzukic,£19.80m,https://www.transfermarkt.com/mario-mandzukic/profil/spieler/34572
583,André Schürrle,£19.80m,https://www.transfermarkt.com/andre-schurrle/profil/spieler/58205
584,Sergio Agüero,£19.53m,https://www.transfermarkt.com/sergio-aguero/profil/spieler/26399
585,Mariano Díaz,£19.35m,https://www.transfermarkt.com/mariano-diaz/profil/spieler/225020
586,Darren Bent,£19.35m,https://www.transfermarkt.com/darren-bent/profil/spieler/13239
587,Jarrod Bowen,£19.17m,https://www.transfermarkt.com/jarrod-bowen/profil/spieler/314875
588,Samu Castillejo,£19.17m,https://www.transfermarkt.com/samu-castillejo/profil/spieler/195171
589,Lucas,£19.17m,https://www.transfermarkt.com/lucas/profil/spieler/8517
590,Dominic Solanke,£19.08m,https://www.transfermarkt.com/dominic-solanke/profil/spieler/258889
591,Roque Santa Cruz,£19.08m,https://www.transfermarkt.com/roque-santa-cruz/profil/spieler/215
592,Matteo Politano,£18.99m,https://www.transfermarkt.com/matteo-politano/profil/spieler/165895
593,Elvir Baljic,£18.90m,https://www.transfermarkt.com/elvir-baljic/profil/spieler/6900
594,Nicola Ventola,£18.90m,https://www.transfermarkt.com/nicola-ventola/profil/spieler/5798
595,Alan Shearer,£18.90m,https://www.transfermarkt.com/alan-shearer/profil/spieler/3110
596,Suso,£18.90m,https://www.transfermarkt.com/suso/profil/spieler/111961
597,Paco Alcácer,£18.90m,https://www.transfermarkt.com/paco-alcacer/profil/spieler/126716
598,Raphinha,£18.90m,https://www.transfermarkt.com/raphinha/profil/spieler/411295
599,Kingsley Coman,£18.90m,https://www.transfermarkt.com/kingsley-coman/profil/spieler/243714
